{"accuracy_per_fold": [1.0, 1.0, 1.0, 0.9876543209876543, 1.0, 1.0, 1.0, 0.9876543209876543, 1.0, 1.0, 1.0, 1.0, 1.0, 1.0, 1.0], "recall_per_fold": [1.0, 1.0, 1.0, 0.967741935483871, 1.0, 1.0, 1.0, 0.967741935483871, 1.0, 1.0, 1.0, 1.0, 1.0, 1.0, 1.0], "precision_per_fold": [1.0, 1.0, 1.0, 1.0, 1.0, 1.0, 1.0, 1.0, 1.0, 1.0, 1.0, 1.0, 1.0, 1.0, 1.0], "f1_per_fold": [1.0, 1.0, 1.0, 0.9836065573770492, 1.0, 1.0, 1.0, 0.9836065573770492, 1.0, 1.0, 1.0, 1.0, 1.0, 1.0, 1.0], "confusion_matrices": [[[51, 0], [0, 31]], [[51, 0], [0, 31]], [[50, 0], [0, 32]], [[50, 0], [1, 30]], [[50, 0], [0, 31]], [[50, 0], [0, 31]], [[50, 0], [0, 31]], [[50, 0], [1, 30]], [[50, 0], [0, 31]], [[50, 0], [0, 31]], [[50, 0], [0, 31]], [[50, 0], [0, 31]], [[50, 0], [0, 31]], [[50, 0], [0, 31]], [[50, 0], [0, 31]]]}